"token","group","target","reference","n_target","n_reference","total_target","total_reference","keyness","direction"
"ainda","grupo","situacao","oposicao",2,0,81,66,1.65210727969349,"situacao"
"bairro","grupo","situacao","oposicao",2,0,81,66,1.65210727969349,"situacao"
"espaco","grupo","situacao","oposicao",2,0,81,66,1.65210727969349,"situacao"
"investimento","grupo","situacao","oposicao",2,0,81,66,1.65210727969349,"situacao"
"acessibilidade","grupo","situacao","oposicao",1,0,81,66,0.820395738203957,"situacao"
"algo","grupo","situacao","oposicao",1,0,81,66,0.820395738203957,"situacao"
"anos","grupo","situacao","oposicao",1,0,81,66,0.820395738203957,"situacao"
"antes","grupo","situacao","oposicao",1,0,81,66,0.820395738203957,"situacao"
"aprovar","grupo","situacao","oposicao",1,0,81,66,0.820395738203957,"situacao"
"area","grupo","situacao","oposicao",1,0,81,66,0.820395738203957,"situacao"
"atrasar","grupo","situacao","oposicao",1,0,81,66,0.820395738203957,"situacao"
"audiencias","grupo","situacao","oposicao",1,0,81,66,0.820395738203957,"situacao"
"aumenta","grupo","situacao","oposicao",1,0,81,66,0.820395738203957,"situacao"
"central","grupo","situacao","oposicao",1,0,81,66,0.820395738203957,"situacao"
"comecou","grupo","situacao","oposicao",1,0,81,66,0.820395738203957,"situacao"
"completa","grupo","situacao","oposicao",1,0,81,66,0.820395738203957,"situacao"
"convido","grupo","situacao","oposicao",1,0,81,66,0.820395738203957,"situacao"
"convivencia","grupo","situacao","oposicao",1,0,81,66,0.820395738203957,"situacao"
"criticar","grupo","situacao","oposicao",1,0,81,66,0.820395738203957,"situacao"
"custo","grupo","situacao","oposicao",1,0,81,66,0.820395738203957,"situacao"
"custos","grupo","situacao","oposicao",1,0,81,66,0.820395738203957,"situacao"
"disponiveis","grupo","situacao","oposicao",1,0,81,66,0.820395738203957,"situacao"
"edital","grupo","situacao","oposicao",1,0,81,66,0.820395738203957,"situacao"
"emprego","grupo","situacao","oposicao",1,0,81,66,0.820395738203957,"situacao"
"estao","grupo","situacao","oposicao",1,0,81,66,0.820395738203957,"situacao"
"estarao","grupo","situacao","oposicao",1,0,81,66,0.820395738203957,"situacao"
"estruturante","grupo","situacao","oposicao",1,0,81,66,0.820395738203957,"situacao"
"familias","grupo","situacao","oposicao",1,0,81,66,0.820395738203957,"situacao"
"garantidos","grupo","situacao","oposicao",1,0,81,66,0.820395738203957,"situacao"
"gasto","grupo","situacao","oposicao",1,0,81,66,0.820395738203957,"situacao"
"gerar","grupo","situacao","oposicao",1,0,81,66,0.820395738203957,"situacao"
"gestao","grupo","situacao","oposicao",1,0,81,66,0.820395738203957,"situacao"
"imoveis","grupo","situacao","oposicao",1,0,81,66,0.820395738203957,"situacao"
"justifica","grupo","situacao","oposicao",1,0,81,66,0.820395738203957,"situacao"
"lazer","grupo","situacao","oposicao",1,0,81,66,0.820395738203957,"situacao"
"manter","grupo","situacao","oposicao",1,0,81,66,0.820395738203957,"situacao"
"melhora","grupo","situacao","oposicao",1,0,81,66,0.820395738203957,"situacao"
"municipio","grupo","situacao","oposicao",1,0,81,66,0.820395738203957,"situacao"
"nenhum","grupo","situacao","oposicao",1,0,81,66,0.820395738203957,"situacao"
"nunca","grupo","situacao","oposicao",1,0,81,66,0.820395738203957,"situacao"
"oposicao","grupo","situacao","oposicao",1,0,81,66,0.820395738203957,"situacao"
"orcamento","grupo","situacao","oposicao",1,0,81,66,0.820395738203957,"situacao"
"parque","grupo","situacao","oposicao",1,0,81,66,0.820395738203957,"situacao"
"pediu","grupo","situacao","oposicao",1,0,81,66,0.820395738203957,"situacao"
"planilha","grupo","situacao","oposicao",1,0,81,66,0.820395738203957,"situacao"
"precisamos","grupo","situacao","oposicao",1,0,81,66,0.820395738203957,"situacao"
"prefeitura","grupo","situacao","oposicao",1,0,81,66,0.820395738203957,"situacao"
"prioridade","grupo","situacao","oposicao",1,0,81,66,0.820395738203957,"situacao"
"publicas","grupo","situacao","oposicao",1,0,81,66,0.820395738203957,"situacao"
"publico","grupo","situacao","oposicao",1,0,81,66,0.820395738203957,"situacao"
"qualidade","grupo","situacao","oposicao",1,0,81,66,0.820395738203957,"situacao"
"regiao","grupo","situacao","oposicao",1,0,81,66,0.820395738203957,"situacao"
"retorno","grupo","situacao","oposicao",1,0,81,66,0.820395738203957,"situacao"
"semestre","grupo","situacao","oposicao",1,0,81,66,0.820395738203957,"situacao"
"site","grupo","situacao","oposicao",1,0,81,66,0.820395738203957,"situacao"
"social","grupo","situacao","oposicao",1,0,81,66,0.820395738203957,"situacao"
"supersuo","grupo","situacao","oposicao",1,0,81,66,0.820395738203957,"situacao"
"tera","grupo","situacao","oposicao",1,0,81,66,0.820395738203957,"situacao"
"terreno","grupo","situacao","oposicao",1,0,81,66,0.820395738203957,"situacao"
"todas","grupo","situacao","oposicao",1,0,81,66,0.820395738203957,"situacao"
"transparencia","grupo","situacao","oposicao",1,0,81,66,0.820395738203957,"situacao"
"ultimos","grupo","situacao","oposicao",1,0,81,66,0.820395738203957,"situacao"
"vai","grupo","situacao","oposicao",1,0,81,66,0.820395738203957,"situacao"
"valoriza","grupo","situacao","oposicao",1,0,81,66,0.820395738203957,"situacao"
"vamos","grupo","situacao","oposicao",1,0,81,66,0.820395738203957,"situacao"
"verde","grupo","situacao","oposicao",1,0,81,66,0.820395738203957,"situacao"
"vida","grupo","situacao","oposicao",1,0,81,66,0.820395738203957,"situacao"
"visitar","grupo","situacao","oposicao",1,0,81,66,0.820395738203957,"situacao"
"obra","grupo","situacao","oposicao",2,1,81,66,0.165556023194912,"situacao"
"projeto","grupo","situacao","oposicao",2,1,81,66,0.165556023194912,"situacao"
"populacao","grupo","situacao","oposicao",1,1,81,66,-0.0213340299547196,"oposicao"
"recursos","grupo","situacao","oposicao",1,1,81,66,-0.0213340299547196,"oposicao"
"reforma","grupo","situacao","oposicao",1,1,81,66,-0.0213340299547196,"oposicao"
"acredita","grupo","situacao","oposicao",0,1,81,66,-1.23567870485679,"oposicao"
"ambiental","grupo","situacao","oposicao",0,1,81,66,-1.23567870485679,"oposicao"
"ano","grupo","situacao","oposicao",0,1,81,66,-1.23567870485679,"oposicao"
"aparece","grupo","situacao","oposicao",0,1,81,66,-1.23567870485679,"oposicao"
"ate","grupo","situacao","oposicao",0,1,81,66,-1.23567870485679,"oposicao"
"banco","grupo","situacao","oposicao",0,1,81,66,-1.23567870485679,"oposicao"
"coincidencia","grupo","situacao","oposicao",0,1,81,66,-1.23567870485679,"oposicao"
"competitiva","grupo","situacao","oposicao",0,1,81,66,-1.23567870485679,"oposicao"
"concluido","grupo","situacao","oposicao",0,1,81,66,-1.23567870485679,"oposicao"
"consultamos","grupo","situacao","oposicao",0,1,81,66,-1.23567870485679,"oposicao"
"custa","grupo","situacao","oposicao",0,1,81,66,-1.23567870485679,"oposicao"
"documentos","grupo","situacao","oposicao",0,1,81,66,-1.23567870485679,"oposicao"
"educacao","grupo","situacao","oposicao",0,1,81,66,-1.23567870485679,"oposicao"
"eleitoral","grupo","situacao","oposicao",0,1,81,66,-1.23567870485679,"oposicao"
"entregues","grupo","situacao","oposicao",0,1,81,66,-1.23567870485679,"oposicao"
"escolar","grupo","situacao","oposicao",0,1,81,66,-1.23567870485679,"oposicao"
"essenciais","grupo","situacao","oposicao",0,1,81,66,-1.23567870485679,"oposicao"
"estudo","grupo","situacao","oposicao",0,1,81,66,-1.23567870485679,"oposicao"
"faltam","grupo","situacao","oposicao",0,1,81,66,-1.23567870485679,"oposicao"
"governo","grupo","situacao","oposicao",0,1,81,66,-1.23567870485679,"oposicao"
"impacto","grupo","situacao","oposicao",0,1,81,66,-1.23567870485679,"oposicao"
"investigacao","grupo","situacao","oposicao",0,1,81,66,-1.23567870485679,"oposicao"
"liberacao","grupo","situacao","oposicao",0,1,81,66,-1.23567870485679,"oposicao"
"licitacao","grupo","situacao","oposicao",0,1,81,66,-1.23567870485679,"oposicao"
"merenda","grupo","situacao","oposicao",0,1,81,66,-1.23567870485679,"oposicao"
"municipios","grupo","situacao","oposicao",0,1,81,66,-1.23567870485679,"oposicao"
"ninguem","grupo","situacao","oposicao",0,1,81,66,-1.23567870485679,"oposicao"
"obras","grupo","situacao","oposicao",0,1,81,66,-1.23567870485679,"oposicao"
"paisagismo","grupo","situacao","oposicao",0,1,81,66,-1.23567870485679,"oposicao"
"pede","grupo","situacao","oposicao",0,1,81,66,-1.23567870485679,"oposicao"
"pedimos","grupo","situacao","oposicao",0,1,81,66,-1.23567870485679,"oposicao"
"posto","grupo","situacao","oposicao",0,1,81,66,-1.23567870485679,"oposicao"
"precisa","grupo","situacao","oposicao",0,1,81,66,-1.23567870485679,"oposicao"
"prioriza","grupo","situacao","oposicao",0,1,81,66,-1.23567870485679,"oposicao"
"querem","grupo","situacao","oposicao",0,1,81,66,-1.23567870485679,"oposicao"
"reajustar","grupo","situacao","oposicao",0,1,81,66,-1.23567870485679,"oposicao"
"semelhantes","grupo","situacao","oposicao",0,1,81,66,-1.23567870485679,"oposicao"
"ser","grupo","situacao","oposicao",0,1,81,66,-1.23567870485679,"oposicao"
"suspenso","grupo","situacao","oposicao",0,1,81,66,-1.23567870485679,"oposicao"
"terminar","grupo","situacao","oposicao",0,1,81,66,-1.23567870485679,"oposicao"
"tipo","grupo","situacao","oposicao",0,1,81,66,-1.23567870485679,"oposicao"
"verba","grupo","situacao","oposicao",0,1,81,66,-1.23567870485679,"oposicao"
"vereadores","grupo","situacao","oposicao",0,1,81,66,-1.23567870485679,"oposicao"
"vezes","grupo","situacao","oposicao",0,1,81,66,-1.23567870485679,"oposicao"
"vista","grupo","situacao","oposicao",0,1,81,66,-1.23567870485679,"oposicao"
"vizinhos","grupo","situacao","oposicao",0,1,81,66,-1.23567870485679,"oposicao"
"votar","grupo","situacao","oposicao",0,1,81,66,-1.23567870485679,"oposicao"
"nao","grupo","situacao","oposicao",1,3,81,66,-1.50604824468461,"oposicao"
"praca","grupo","situacao","oposicao",1,3,81,66,-1.50604824468461,"oposicao"
"dinheiro","grupo","situacao","oposicao",0,2,81,66,-2.4884012539185,"oposicao"
"processo","grupo","situacao","oposicao",0,2,81,66,-2.4884012539185,"oposicao"
"saude","grupo","situacao","oposicao",0,2,81,66,-2.4884012539185,"oposicao"
"sobra","grupo","situacao","oposicao",0,2,81,66,-2.4884012539185,"oposicao"
